{
    "circuit_1": {
        "circuit": [
            "CNOT (1, 3)",
            "RY (3, 2)",
            "CNOT (0, 1)",
            "CNOT (4, 3)",
            "CNOT (2, 4)",
            "RX (0, 1)",
            "RX (1, 0)",
            "RY (3, 1)",
            "CNOT (3, 0)",
            "CNOT (2, 1)",
            "CNOT (0, 3)",
            "RZ (1, 0)",
            "CNOT (4, 3)",
            "RY (0, 2)"
        ],
        "weights": [
            -0.8491821930714714,
            0.4401163149378691,
            0.5275492371277662,
            -0.2531162889973968,
            -0.00912982576846692,
            0.13831014025526947
        ],
        "gates": 14,
        "circuit_depth": 7,
        "reward": 7.949259232878685,
        "accuracy": 0.9074074029922485,
        "hash": "92504b1d15a2685ef1da33c517e4675a99075a1adb0a8d9e13643b784cc4d968"
    }
}